entry,n
RUM,1
ORE,5
AUNT,1
XXX,3
HIKE,1
AOC,2
MUD,1
ROUX,1
URN,2
MET,2
AXE,2
XKCD,1
HAM,1
IOU,1
ZOO,1
FAWN,1
EYES,3
INN,1
SLOT,1
PONY,1
ABS,8
ZAYN,1
OWE,1
ONS,2
FENTY,1
IONS,1
SPA,4
LOB,1
CHA,2
RIB,1
TOLL,1
SHEEPLE,1
TIRE,1
EGG,5
PHO,1
CROP,1
HILL,1
ABLE,1
TEE,5
STEP,1
HIGH,1
ERGO,1
SAM,2
KGS,1
UNION,1
SAP,4
BEANS,1
AVI,3
MAN,2
SKIPS,2
AGO,4
MSN,3
USAIN,1
NAN,3
BAM,1
EVA,2
REG,2
BINGO,1
BANGO,1
BONGO,1
AND,4
NES,2
RANGO,1
EGGO,1
GOO,3
BANDS,2
ING,1
BONE,1
BAN,3
BAO,2
RUN,2
SCARE,1
BALLGAG,1
REORG,1
IRE,2
SOS,2
BRAGG,1
AURA,2
ONEG,2
SLOES,1
CLR,1
BRIS,1
AERO,3
HES,2
ISH,1
SKIPPY,1
HAPPY,1
KAZOOS,1
EMU,3
NEO,2
HIPPO,1
ESPYS,1
SHY,2
SHAME,1
KAZUO,1
IPO,2
KEN,1
CSI,5
HIR,1
ASIAGO,1
DRANKIN,1
RITUAL,1
USA,3
GEN,1
CHAKA,1
SIGIL,1
IRON,1
ARISE,2
SATAN,1
INU,1
DRUG,2
AHS,1
RAW,1
RASHIDA,1
ARMISEN,1
TEASERS,1
INC,1
OAK,2
HADER,1
SWANS,2
RATIO,2
ARENA,2
SMACK,1
HIS,1
BOA,2
SAKS,1
PICK,1
EAT,1
HOLD,1
MALE,1
MTA,2
BAIT,1
OKC,1
ASK,3
SPADE,1
ELLA,1
HMM,1
OAT,1
DRY,2
TRUE,2
RUST,1
THIGH,1
SHOE,1
HELD,1
EYE,5
RUSH,1
YET,2
TRIED,2
THEY,1
HOLE,1
SHE,4
NAG,1
JAPE,1
OMEN,1
NOWHERE,1
IRAN,1
CAWS,1
NAME,2
APER,1
GENE,3
JOHNS,1
NICU,1
ORAS,1
WAWA,1
AWW,1
ASIA,1
LUCID,1
ALI,5
RADII,1
UGLI,1
BEE,3
ASCII,1
WII,1
WAD,2
AULII,1
LADLE,1
RUB,2
AGE,5
GPU,1
TIOS,1
AUDRE,1
LORDE,1
CORNY,1
ARTS,1
TEA,4
GIDDY,1
PORE,1
USE,4
TURNS,1
AORTA,2
LORE,1
CAT,1
LOLO,1
AETNA,1
WESTHAM,1
ADAMS,1
RABE,1
DMC,2
ROTHS,1
ULNA,1
NOAM,1
LETME,1
ASABC,1
WARD,1
EDAM,1
POS,1
AHOK,1
SNOOPY,1
PORTS,1
CATTOY,1
AREA,3
PHOTO,1
OOPSY,1
SKY,2
SPARE,1
NOTES,1
CAN,2
MEN,4
KILO,1
KAMALA,1
CERAMIC,1
HARRIS,1
ATAT,1
PSY,5
MIAMI,2
ELLIS,1
NOAC,1
KMART,1
KEATS,1
ARRAY,1
CHAP,2
MAM,1
DOMO,1
TAKENUP,1
AGONISE,1
GOATEED,1
URNS,1
PAS,2
MONIE,1
AMUSE,1
MOPED,1
DENTS,1
TAGUP,1
AGORA,2
KOANS,1
HBCUS,1
BARBS,1
ODE,3
TEMPE,1
AWARD,2
SEX,3
SCREED,1
PUB,1
ASS,6
HBOMAX,1
BADPR,1
TAS,1
EWE,4
KFC,2
FAILS,1
UNCUT,1
BLOKE,1
TILDE,1
STEER,1
PER,2
KICKER,1
FLUE,1
CST,2
FULLER,1
ANODE,1
BITE,1
TSP,6
PGS,1
IGLOO,2
QUELL,1
CATCAFE,1
EXECS,1
ROSIE,1
ANT,2
PLEASE,2
GOLF,1
SOLE,1
IQTEST,1
GUCCI,1
CERA,1
AXON,1
OSAKA,2
SHIPIT,1
TBELL,1
TRAVEL,1
VIBES,1
SPY,5
MAPLES,1
SKILL,1
NAT,2
OHBABY,1
SIEVE,1
STRIP,1
TVS,1
STL,2
KATIE,1
RUGRAT,2
BEMOANS,1
APARNA,1
TRIAD,1
SOL,1
STRAND,1
TIANA,1
LETS,2
KUMAIL,1
REPRO,1
BATS,2
FIB,1
BEANO,1
SHERMAN,1
MODDING,1
IPHONES,2
LOOSE,1
ENG,1
FAMINE,1
INANE,1
BONGS,1
BEDHOG,1
ERDOS,1
SMILE,1
HOPON,1
OPTIMA,1
PRICED,1
TIKKA,1
HOZIER,2
QUESTS,1
STD,1
TICKET,1
SMEARS,1
PAD,1
OPTOUT,1
PRIZED,1
TIKIS,1
HQS,1
MEL,1
OHSURE,1
PETSAT,1
CHARTS,1
HILOVE,1
OREVER,1
WADE,1
MUSTVE,1
ERASER,1
LET,2
OPHIRA,1
HEALED,1
STROVE,1
CHOW,1
LDR,1
ROSEAU,1
HAULASS,1
OHTIGHT,1
RESCUES,1
SEEKER,1
EMT,3
LEAGUE,1
DASHER,1
RUSTS,1
RAHEEM,1
OUTSET,1
SLICK,1
HORSE,1
GOB,1
HPS,1
ORO,1
OREGANO,2
TARTLET,1
ONIGIRI,1
ICE,8
LES,3
GOALIE,2
ORNERY,1
BOOTIE,1
HOTOIL,1
PRANCE,1
SERIES,1
GTG,1
BUSTLES,1
UNCOILS,1
SPORCLE,1
HATCHET,1
WITHERS,1
ADS,5
CLICHE,1
HELLER,1
ASSETS,2
BUSHWA,1
UNPAID,1
SCOTTS,1
TORCH,1
LAM,1
ONO,3
VACCINE,1
AROUSES,1
TABSETS,1
BRT,1
SAS,1
LOCUSTS,1
ANISE,1
MONET,1
VAT,1
ARABS,1
COBRA,1
ESS,3
BYE,1
OORT,1
UDON,2
GYMNAST,1
AVEC,1
SUR,2
BOUNCER,1
YODA,1
EROS,2
TNT,2
GAG,1
YVES,1
MENU,1
CORP,1
LOUIS,2
ANA,5
HARRY,1
IAGO,1
NEE,1
ECO,3
MOUSY,1
TRIP,1
LARGE,1
AHI,1
NAAN,1
ROE,3
ARE,9
NOEL,1
ADDLE,1
ARMREST,2
NOPOO,1
DALI,1
RED,4
ANDROID,1
RODEO,1
EELS,1
AMPLE,1
ROAR,3
HENS,1
AVOW,1
BAHAMA,1
GIN,3
DAY,1
ARGUED,1
ITLL,1
THEM,1
HAH,1
EVADE,1
NOMAD,2
SWAY,1
BIRTH,1
ANGLE,2
GAIT,1
ULM,1
ETNA,1
DUETED,1
GENZERS,1
ALTERS,1
PAIR,1
YES,5
GEEZERS,1
OTTER,3
ONERS,1
DELAY,1
UNTIE,2
GAP,2
ABU,2
HANG,1
ARMANTO,1
TAB,1
JIA,1
ONAROLL,1
PUKE,1
PUP,1
AHA,2
BANJO,1
UNTIL,1
GOAL,1
ATOP,1
RANUP,1
MBAKU,1
REP,4
MCS,1
MACK,1
ANDORRA,2
FORREAL,1
ADOPTME,1
RUNG,1
MMORPGS,1
CARET,1
SCRAM,1
KALE,1
AFAR,1
NODUH,2
DRONE,1
PAT,3
LOVE,1
STEVENS,1
EIN,1
NOT,1
CENTURY,2
ROSE,2
SNO,2
POV,1
AVENUE,1
TENOR,1
LENNON,1
SEC,2
TIERS,1
STY,5
TSO,2
AAA,1
ERRED,3
RETRO,2
LAS,1
HOG,1
SNAFU,1
UTTER,1
ZZZ,1
ARTHUR,1
ERSATZ,1
DOG,2
LSU,1
ANTZ,1
FEZ,1
DIO,1
SONAR,1
MOCHA,1
ZHUZHUP,1
OUTIE,1
TETES,1
SYS,2
DOOZIES,1
INCHES,1
OAHU,2
SMUTTY,1
RAP,3
ZOT,1
HUES,1
BCC,1
TIARA,2
DOGTOY,1
CRY,1
NAE,1
BADCAT,1
SNOOP,1
KGB,2
BIG,1
CATNAP,1
CROAT,1
TOYDOG,1
AYE,1
DRANK,1
CBS,1
COB,1
SSW,1
MILAN,1
HILARY,1
WIDENET,1
THONGS,1
FORTY,1
SIX,2
SILENTX,1
SLANGY,1
WARES,1
MIDORI,1
NYT,2
HIHOS,1
WTF,1
SLOPE,1
WAKANDA,1
EDY,2
NOS,2
SOLOIST,1
TRADE,1
NBD,1
ALA,4
BONNIE,1
UPDOS,1
SKYLAB,1
EAST,2
WEST,1
ADORN,2
ODD,2
TOR,1
BEBOP,1
GRENADE,1
AARDMAN,1
INABAND,1
ACTAS,1
HER,3
TENDBAR,1
OBAMAS,2
RODAN,1
BERATE,1
PEND,1
GAIA,1
RANCH,1
ALP,2
THREE,1
TWOFACE,1
REW,1
INABIND,1
TRANS,2
YDS,4
ARF,3
LEANIN,1
PECANS,2
TWENTY,1
HOWARD,1
TRI,3
END,1
BAS,1
BEL,1
STAGE,2
PLUSONE,1
VERTIGO,1
CUBISTS,1
TOOTH,1
HSN,1
BASTION,1
EGOIST,1
LENGTH,1
SLEUTH,1
TURBOS,1
PVC,1
EOS,1
MEG,1
ASPIRE,1
FASTER,1
NFL,2
BIASED,1
ARMORY,1
MIA,3
MPS,1
EITHER,1
GREEDY,1
AFFIRM,1
SALAMI,1
ERR,1
NBA,3
SOA,1
RAD,1
FLAMES,1
RETUNE,1
WINKSAT,1
EDDIED,1
AGENDA,1
ERG,2
RATKING,1
AMUSED,1
DENADA,1
FRIDGE,1
LENDER,1
SET,4
WEA,1
AAH,1
PETROL,1
BONFIRE,1
UMS,2
SPUTNIK,1
KOREAN,1
ATF,1
ARIANA,1
HORNIN,1
POMPOM,1
ENSURE,1
LEAK,1
BUSK,1
TEN,2
FAD,1
ROOTER,1
FURSONA,1
INASNIT,1
NOTICES,1
DUELED,1
TDS,2
FOSSILS,1
ATONCE,1
DENIED,1
RUNOUT,1
ORATED,1
RATS,1
FIND,1
PSI,1
GAMEON,1
ALIENS,2
BAR,2
OUR,1
NEARLY,1
INNATE,2
SAD,3
PEE,1
SONORA,1
INSULT,1
GAB,2
ALANIS,1
MIRENA,1
RYE,2
ADRATE,2
PROTON,2
PETUNIA,1
MISERS,1
ENIDOK,1
LIS,2
WATUSIS,1
ATONED,1
DENIRO,1
APP,2
DREMEL,1
ROTINI,1
BUD,1
IGNITE,1
PAIDOFF,1
PAR,1
DESTINE,1
NEWAGE,1
AYO,3
BID,1
UTOPIA,2
DEFANG,1
IPAD,1
GALENA,1
NIPSEY,1
FREE,1
TWO,2
OPS,3
ONSALE,1
PUTTERS,1
EDAMAME,1
DIVISOR,1
SELENA,2
TSK,2
OATMILK,2
SERMON,1
OPED,1
NUDIST,1
STAVES,1
SERA,1
ABC,2
BARNARD,1
INATREE,2
RAM,1
CLOSETS,1
HONOREE,1
GAY,3
BARBER,1
CREATE,1
BIRCH,1
ANALOG,1
RAMONA,1
DENSE,1
SOY,2
DIN,2
HIRESON,1
ANIMOJI,1
NANOBOT,1
DJSNAKE,1
SATIRES,1
MAC,2
DEMONIC,1
ISOBAR,1
NOJOKE,1
HANDS,1
INAJAM,1
RINSTA,1
NITES,1
PASS,2
OCHO,1
TREX,2
THE,2
OREO,1
PEAL,1
TIME,1
POTHOLE,1
ACRE,2
SOX,2
TEAM,1
OPT,1
REI,2
OLAF,1
SANK,1
MIKA,1
QUOTH,1
FURS,1
MAGI,1
LYES,1
OSMOSIS,1
LAIT,1
ANKH,1
FKA,1
QUAY,1
URGE,2
FML,1
DRIP,1
IOTA,1
DAMN,1
SQUARES,1
PUNS,1
AIDE,2
SPOT,1
DIDASET,1
ITME,1
PANS,1
SPAS,1
QUIP,1
UNDO,1
DADA,1
ORAL,2
SMELT,1
TIN,1
JUANA,1
AFRO,1
MOSS,3
DOMINOS,1
DAL,3
ALT,5
STARS,2
JAM,1
UFO,2
SHAH,1
TALE,1
CURLY,1
PIDAY,1
MODEM,1
OPEN,1
BERT,1
STUDENT,1
HARAM,1
ALLY,1
HEY,1
CIDER,1
POPE,1
MOB,1
THAT,1
JCREW,1
MOO,2
CAKES,1
CHEW,1
CURE,1
TAC,2
HERBS,1
TOWN,1
JOKER,1
MCCC,1
NCAA,1
ATMS,1
STRAP,1
ONEILLS,1
MATCH,1
FISK,1
GRAS,1
NATICKS,1
CTRLH,1
AMAL,2
ASPS,1
SETSA,1
OMFG,1
NAIR,1
CORI,1
OLAM,1
FUNDIP,1
CANCELS,1
OTTERS,1
RAID,1
ALEE,1
CONCEDE,1
OLDER,1
RAILS,1
IMPS,1
FATAL,1
CORA,1
CBGB,2
BROO,1
PMDAWN,1
TNG,1
SOMEZS,1
SNES,2
REDS,1
CBD,2
BRATZ,1
GOWNS,1
BONG,2
PSONE,1
MEMED,1
USSR,2
JOBS,1
UTES,1
BIGTEN,1
BANGERS,1
OSCARS,2
SEAL,1
ESSO,1
JUGGALO,1
BEERS,1
SSNS,1
BASES,2
INCAS,1
BOSE,1
SCAT,1
ARLO,1
SPOTIFY,1
EAR,4
SIE,1
WRAPPED,1
ETTA,2
DYES,1
SAT,4
CRISP,1
ALFIE,1
TOYED,1
SEWED,1
PARTY,1
ORATE,2
CADS,1
OWEN,1
BADVIBE,1
AGUIRRE,1
BEADEAR,1
AND1,1
STS9,1
COVID19,1
AWIRE,1
DEBRA,1
SNEER,2
BABAS,1
AGENT,3
DUADS,1
WRTM,1
JKBXS,1
JPRDZ,1
HGSPH,1
HNDGD,1
SNJS,1
WKPDPGS,1
RBRSHD,1
TXD,1
MSZ,1
JJTSDJ,1
HHS,1
GNN,1
DANE,1
SUPER,2
TROIS,1
TRILL,1
TRIAL,1
HADNO,1
DURIANS,2
APOLLO,3
NEIL,1
ERS,4
STRIDE,1
TRAY,2
ABBI,1
DIALS,1
OMITS,1
HUG,1
TSA,2
ADDME,1
HOARD,1
ANDS,1
AIM,2
BAITED,1
BLTS,1
ISSA,1
DOGDAD,1
HAHA,2
MRS,1
RAFT,1
METOO,2
ACTUP,1
ANGLERS,1
LOGIN,1
GRIND,2
RECLINE,1
ATTEND,1
FOUR,1
TOPS,2
MAGGID,1
ALGA,1
NORI,1
LITE,1
RIMES,1
LOLCAT,1
YOYOS,1
PIMPLE,1
INBAD,1
EGAD,2
LILYPAD,1
IMCOLD,1
TEASE,1
EST,4
ROOMBA,1
LYING,1
PIE,2
BDSM,1
PARKA,1
EARFUL,1
DES,2
ILL,1
ONCALL,1
NIALL,1
TELL,1
DRFILL,1
SKULL,1
MALL,1
PASCAL,1
EENIE,2
DONT,2
ALL,4
DRUB,1
SOUPY,1
JUGGLE,1
TOMYRIS,1
OUTEAT,1
CLEAT,1
KERR,1
DOGYEAR,1
UPLIT,1
BYES,1
SUMTER,1
JOULE,1
TOCK,1
TFEL,1
SNIVI,1
SDEESER,1
LAD,2
SEP,1
OHAPARA,1
OTLOM,1
FIGT,1
TNE,1
FISSAM,1
EVEER,1
LIRPA,1
SEDALG,1
SLOOF,1
DAHTI,1
POT,1
MISO,1
MORPH,1
CARTALK,1
LGBTQIA,1
AGILITY,1
NILES,1
GELS,1
MOTTLES,1
IRAQIS,1
SPLIT,1
OHKAY,1
MRBILL,1
CLANG,1
AGGIE,1
STAN,1
RCCOLA,1
ALAMOS,1
CARLO,1
CHILIS,1
SERENE,1
ILET,1
SCARLET,1
TOMLIN,1
ALOOSE,1
NAS,2
RACHEL,1
CLAIRE,1
SLAT,1
SPEEDO,1
HANGRY,1
OAR,2
DAS,2
GRABAT,1
REDEYE,1
EDEN,1
SEN,1
LEGDAY,1
TOYS,1
SHARED,1
PARADE,1
OGRE,1
BEN,2
CASK,1
SPOTON,1
HUSTLE,1
CAPTIVE,1
IMPURE,1
TEEMED,1
ESTE,1
COSTUME,1
ATTIRE,2
SOLVED,1
KNEE,1
SHAMES,2
PUPPET,1
CITE,1
IPSE,1
BBQING,1
NBASTAR,1
OKS,1
ITE,1
DIALECT,1
UNLASH,1
HGTV,1
IQS,1
PITIES,1
SNATCH,1
EGRET,1
BBKING,1
BASALT,1
LAV,1
BARB,1
SHIVER,1
CHORIZO,1
HOLYCOW,1
ORDAINS,1
WEENIE,1
SSRI,2
BIRYANI,1
AVICII,1
REZONE,1
BROWS,1
SHORES,1
HOLDER,1
CHOWS,1
ISLA,1
GRATEON,1
HALTERS,1
OMG,2
SEW,2
SPOKANE,1
TURFWAR,1
SPEC,2
ITT,1
SEESAW,1
LORENA,1
ANSWER,1
GHOSTS,1
RAMPUP,1
ALGORE,1
JAMA,1
CABARET,2
OVARIAN,1
NEGRONI,1
JEMISIN,1
ONANOTE,1
JARRING,1
ARIOSO,1
MEANIT,1
ATNINE,1
CONJOB,1
AVEENO,1
BAGMAN,1
MRT,2
UPARROW,1
MIT,1
IRA,1
SPEAKER,1
UTE,3
RVS,1
AMATEUR,1
BRR,1
STRIKES,1
PIP,1
WAR,1
ATV,1
SIT,3
CMU,1
SCHMEAR,1
COMESTO,1
HOUNDED,1
CSA,1
KEY,1
SCHMUCK,1
IMMENSE,1
TUESDAY,1
SCH,1
COO,2
ATE,4
ROD,2
PIT,1
RAHM,1
PHINEAS,1
GUN,1
BTS,1
AFCEAST,1
FERB,1
SSE,4
PRINCES,1
IAN,1
THEBABE,2
MATS,1
PGA,2
HUFF,1
SST,3
DMV,1
ROAD,1
STANNED,1
OHGODNO,1
BIGCATS,1
SELL,1
DRAGGED,1
MONOCLE,1
VANDALS,1
DENT,1
SOB,1
THIS,1
DOS,3
WPM,1
ADULT,1
LALAW,1
JAL,1
BOWIE,1
WALLOWS,1
PDA,2
MULANEY,1
LAG,1
JAB,2
ADO,1
RIP,1
SOW,2
INALL,1
MESES,1
CRUSHED,1
SOLID,1
IBIZA,1
UEY,1
SIMULIU,1
ONESIZE,1
WASHDAY,1
LEE,2
LSD,2
ROB,1
BAG,2
LURES,1
FUGAZI,1
ALE,6
PAJAMA,1
SPACY,1
BLUEJAY,1
AUG,1
GRAMMYS,1
EZRA,1
FLAP,1
APS,1
ACE,4
IBM,2
CLARA,1
LEADUP,1
REDZONE,1
INTENT,1
ATEIN,1
ATA,1
ICEDTEA,1
BLAZEIT,1
MADONNA,1
RUNT,1
APE,3
LENT,1
RIA,1
JED,2
AGAPE,1
KINGDOM,1
JLO,2
COWBOYS,1
KNACK,1
YEE,1
JANEWAY,1
DADJOKE,3
POLY,1
EMOS,1
KICK,1
ICON,1
BCE,1
ONEAL,2
RAWDATA,1
IKNOWIT,1
MOBRATS,1
SNARL,1
DOWNBAD,1
SEAWALL,1
ATIT,1
LATS,1
RIMS,1
AKON,1
SEB,1
ZHAO,1
HORRORS,1
KAA,1
TANGENT,1
KING,1
SND,1
SHRINKS,1
BOOKEND,1
ZOLA,1
HAT,2
RANG,1
TRY,1
FRIO,1
NOUTURN,1
AMSCRAY,1
NOTHOME,1
MICS,1
EEK,1
TRUSTME,1
RITCHIE,1
YOUROCK,1
FOMO,2
RAMS,1
NYE,1
STP,1
BAIUL,1
NONPROS,1
SOD,2
PUG,1
WELLLIT,1
ROUES,1
TGS,1
SANDLOT,1
TIP,1
PURPLES,1
BOOER,1
NSW,1
SGT,1
LUG,2
FAS,1
POLAR,1
LORISES,1
APESHIT,1
DESTINY,1
STEMS,1
SRI,2
FORESTS,1
ALISTER,3
SASHIMI,2
POPES,1
REINS,1
LUSH,1
WENTAT,1
IHADTO,1
SENSEI,1
AUGUST,1
PAST,1
LEHENGA,1
UNA,1
STDTEST,1
HATEIT,1
WIPEUP,1
TOE,4
ASA,1
SUS,1
ZOLOFT,1
BUDDHA,1
CAPECOD,1
URINAL,1
TSETSE,1
RET,1
SOUPIER,1
ALDENTE,2
PODCAST,1
ZBARS,1
FHOLE,1
TAD,2
CUT,3
AMT,1
GLOWER,1
GILMORE,1
ARC,2
BLASTED,1
ESPIED,2
ALLCAPS,1
MOM,1
TWOSTEP,1
GIRLS,1
REID,1
GABE,1
SIA,3
NIM,1
RETEAR,1
TAPINTO,1
AMASSES,1
BELTANE,1
UNIONS,1
NEPALIS,1
ITISTOO,1
MENSANS,1
RAMEN,2
ATENS,1
TABU,1
QUO,1
CHURN,1
FEINT,1
ORB,1
AMA,3
BERET,1
LOINS,1
ENO,2
QUIBBLE,1
ONTARIO,1
CFO,1
ATS,1
EON,2
GAS,2
SMART,1
TALEA,1
SWEARBY,1
TUNES,1
GALETTE,1
AREARUG,1
STARING,1
STS,2
MAW,1
OCEAN,1
HOLLOW,1
WHO,1
ACEDIT,1
TEAMS,2
SELECTS,1
TAL,1
SNOWDAY,1
OHO,2
CODA,1
WHIM,1
OTS,1
EEP,1
ETC,2
ABDUL,1
REGRET,1
THINAIR,1
REINED,1
SPURS,1
EDGIEST,1
TURNIPS,1
CLEANUP,1
ART,5
BEHR,1
TIER,1
RDS,1
TAP,2
NOCANDO,1
DUD,2
EPISODE,1
CURES,1
TACTICS,1
AKA,3
PANDORA,1
ONCE,2
SOUP,2
DUDE,1
ODES,1
SUP,1
BIB,2
CLONE,1
HIGHART,1
ALBANIA,1
POOLING,1
DEEDS,1
BOGBODY,1
INHALED,1
BEANIES,1
LILO,1
RIND,1
TAGS,1
PROPEL,1
LIKESO,1
SVU,1
EDGIER,1
RAREST,1
GOKUDAY,1
BESTIES,1
PLS,2
RIVER,1
LOSES,2
GRE,2
CCS,3
SPOOLS,1
SEQUIN,1
SAUNTER,1
RITTER,1
STEERS,2
COQUITO,1
COUNTED,1
SLITTED,1
SSS,1
PEARS,1
RRS,1
LAB,1
IGOTIT,1
GOVEGAN,1
SKI,2
RATCHET,1
SALONS,1
PET,1
LOVETAP,2
BIGSHOT,1
IGER,1
GOYAS,1
TAKEN,1
NITS,1
CLE,1
REVISE,1
ELECTRO,1
GERHARD,1
SCATTED,1
TWEEDS,1
OVERAWE,1
RICHTER,1
ESTATES,1
REGS,1
ELECT,1
ODDS,5
AMP,5
MANTELS,1
ILOVEIT,2
KEA,1
MINTING,1
INTENSE,1
SAG,1
ANOINTS,1
MTV,1
PEEKING,1
ALLIN,1
LIENS,1
GOV,1
OPENERA,1
VETERAN,1
ELATING,1
RETOTAL,1
SEAGATE,1
GETATAN,1
ONETOGO,1
VERITAS,1
OVERS,1
PELEE,1
RANAT,1
TAPS,1
ASAP,2
BACKLOG,1
ELK,1
LOA,1
NAIVELY,1
MEET,1
ORES,1
TACKIER,1
PALLETS,1
SPOOL,1
ALAMO,2
VEE,1
GRUB,1
RENO,1
STAGING,1
TINAFEY,1
ELITISM,1
ETTE,2
SEAS,1
GRANITE,1
REGATTA,2
UNIFIES,1
BONES,1
STE,1
TILES,1
GYM,1
PLACE,1
NERDY,1
EMO,3
GATES,1
GRIDS,1
AQUA,1
HPNOTIQ,1
HARISSA,1
ACDC,2
MARA,1
EDU,2
PAWS,1
OCHOA,1
THIRD,1
ARTISTS,1
CHEEK,1
SERVE,3
AYER,1
POTTERY,1
ACHIEVE,1
WHISKER,1
SORT,1
ACS,1
RHEA,1
NEONS,1
BEBOTH,1
LEY,1
WAITER,1
LIMES,2
NEAT,1
ONETIME,1
NEB,1
COOLEST,1
ENTER,1
BRAIN,1
AWL,3
MIST,1
ANCOM,1
ENCODE,1
MAKATON,1
STINTS,1
CENTI,1
RISE,1
MANKINI,1
INCANTS,1
SCOTTIE,1
TODOS,1
EATER,1
MSC,1
DIPS,1
EVITE,1
NICETRY,1
ERA,5
BAE,1
NARROWS,1
ATLAS,2
EONS,2
DECARLO,1
IVE,1
PITBOSS,1
STRAW,1
NENA,1
IRATE,1
RAN,1
AIDS,1
SPITS,1
SHIHPOO,1
MANOWAR,1
URINATE,1
GENED,1
MESS,1
ASININE,1
DIPWADS,1
STOAT,1
SORE,2
SMUG,1
HAREM,1
MOOD,1
ROTOR,2
PUNCHUP,1
CATLADY,1
TELLS,1
ORCA,1
MONSTER,1
OTC,1
OOHLALA,1
DRUIDS,1
RUBATO,1
PAC,2
LLC,1
EARS,1
NAGAT,1
ROSETEA,1
IMYSELF,1
DOJACAT,2
ROGUE,1
EGOT,1
EASYJOG,1
AGESAGO,1
RATECUT,1
STELAE,1
NOMORE,1
RID,1
AFT,2
WASP,1
BELLOW,1
ULTIMO,1
DON,3
CLOVEN,1
CAMERA,1
PETS,1
WELCOME,1
SLIDERS,1
POMONA,1
BURLAP,1
WON,1
ACC,1
VET,2
SCTV,1
SPARES,1
PETALS,2
ARCHIVE,1
RETAPE,1
MARIST,1
DARE,2
SPECTRA,1
CATHAIR,1
TRAIPSE,1
VELVET,1
SPREAD,1
ARM,1
GRAM,2
OLIVIA,2
COUGARS,1
RAT,1
RODRIGO,2
ENTICE,1
GONE,1
GLUEDTO,1
RIG,2
AVARICE,1
MIRAGE,1
OOLONG,1
ASTO,1
CARE,1
RIN,1
BACK,1
BASHED,1
HAPPILY,1
ARTICLE,1
SHIRKED,1
PENN,1
BAPTIZE,1
ASPIRIN,1
CHICKEN,1
KELLER,1
BARHOP,1
DYED,1
HASH,1
MIRO,1
STEPIN,1
ERRANT,1
CAM,2
NAILUP,1
CIDERS,1
EDIT,2
MERMAID,1
IPA,1
RINGLET,1
ONTOUR,1
TRANCE,1
IDI,1
CAPE,1
TAMPER,1
ESPORTS,1
TAICHI,1
ERNEST,3
SETS,1
COMPARE,1
APPOINT,1
PIERCES,1
EARTHS,1
TASTES,1
DRAGON,1
TIDEPOD,1
ASP,2
SOT,1
SQUEEZE,1
UNSEEN,1
ESTD,2
BADPUNS,1
TOPSEED,1
SNOOZE,1
DTAS,1
RISQUE,1
DTEN,1
SIMP,1
PRINCE,1
RELLENO,1
ONEINCH,1
PANGRAM,1
MTHOPE,1
SILENTT,1
INLIGHT,1
MCENROE,1
PENCAP,1
PROP,1
RENAME,1
OHME,1
DART,1
STEREOS,1
POTFARM,1
IMA,1
EMINENT,2
SILENTH,1
DETAILS,1
REAREND,1
TORENT,1
SPIES,1
TOMMIE,1
SMITH,1
NET,2
PACO,1
SPECULA,1
TANTRIC,1
UNNERVE,1
DEADAIR,1
SEMANAS,2
REST,4
PENNAME,3
ACTEDAS,1
CURRANT,1
STUDS,1
PANEER,1
ACERS,1
LANDO,1
ONION,1
LACTO,1
NGO,1
TWIRL,1
LOCAL,1
SEEME,1
LOLNICE,1
ANAGRAM,1
NICOLLE,1
DOT,1
TLS,1
WOE,1
PANKO,1
IDEAL,1
EMOTE,1
PHILZ,1
MAORI,2
AGLET,2
YEESH,2
PIEHOLE,1
ADMIRES,1
NEOLITH,1
KATZ,1
OLE,3
PAGE,1
MAY,2
DANCE,1
GAWKS,1
PBS,1
SEE,4
ALIBI,1
CUTIE,1
TESTS,2
DOGSITS,1
NEWSIES,1
CAKE,2
ELSE,1
PACT,1
BLUE,2
BIT,1
SPELL,1
EERIE,1
CRAFT,1
CROSSES,1
ANNIE,1
RADAR,2
ASSNS,1
SECONDS,1
PERSIAN,1
ERASERS,1
LIFE,1
CARA,1
RNAS,1
SABER,1
CLAVE,1
POLLED,1
LITANY,1
ADELE,1
PERKY,1
SCOOTER,1
ALLTALK,1
BALONEY,1
EVERY,1
PRIDE,1
LAP,2
OSCAR,1
MOOSE,1
KEWPIE,1
OYL,1
CAD,2
TOEJAM,1
HOSTS,1
OMELETS,1
COPCARS,1
ASIAM,1
REED,1
KYOTO,1
OTOH,2
JET,3
COVER,1
MANOLO,1
EREMITE,1
ARRIVED,1
SINNED,1
HEADS,1
CAVERNA,1
ONEMIND,1
VOTIVES,1
ELATED,1
ROPED,1
MORRIE,1
LEASH,1
OCTAL,1
FARGO,1
BUFFALO,8
UBI,1
GEM,1
SECRETS,1
TREND,1
ASSAY,1
OFFICES,1
CAF,1
TRAGEDY,1
LOOMS,1
BUSTA,1
UBERS,1
RNA,1
CITTA,1
ONEHR,1
RUSHJOB,1
ITSEASY,1
VIERNES,1
ELTIO,1
COSSETS,1
INHERIT,1
TEJANOS,1
THOSE,1
ARBYS,1
RIVET,1
UTILE,1
PHOBE,1
PEOPLE,1
ALPHAS,1
LIKED,1
DOCILE,1
OMANIS,1
SANSA,1
PELICAN,1
HOPKINS,1
OPHELIA,1
BLADES,1
EES,1
PALOMA,2
STEPH,1
STELLA,1
PRELAW,1
TIE,1
INK,1
ONTASK,1
NACHOS,1
ILHAN,1
STRETCH,1
ELLISON,1
PLANKS,1
HAWK,1
SPINAL,1
TONI,1
QUARK,1
SUNDAE,2
WITHIN,1
MAEWEST,1
SCENES,2
SHRED,1
QUIETER,1
UNTWINE,1
ADHERED,1
RAISES,1
KENT,1
SWATCH,1
MASS,1
HYDRA,1
MOINES,1
CATPAWS,1
ADD,1
SEABEDS,1
TITUSS,1
STENT,1
HOTDATE,1
YIP,2
DNATEST,2
REWEDS,1
ASSES,1
MADEIT,1
CASTS,2
BUN,1
FRIDA,1
PREMED,1
FLOWBEE,1
LEGROPE,1
ADMIRER,1
STATEN,1
HONED,1
FROGMAN,1
REWRITE,1
IMBORED,1
DEEPEN,1
ADEER,1
PLEDTO,1
FLASH,1
SAMBA,1
ENTREES,1
MEASLES,1
BOT,1
OPENNET,1
SELFIES,1
STYLE,1
STATELY,1
ARS,1
MELANIE,1
BEEGEE,1
EMBOSS,1
NEOPET,1
SWOLE,1
AREAMAN,1
LEAVITT,1
PALETTE,1
CENTERS,1
ASGOD,1
SEALING,1
WAVESTO,1
OMITTED,1
LATTER,1
ENTERS,2
ALPACA,1
REALES,1
ARO,2
SNAPMAP,2
HOS,1
ONEADAY,2
RIM,3
TAI,2
RANON,2
ERASE,2
POP,1
SHO,2
MEDIA,2
ASAMI,2
HOSTESS,1
POPTART,1
SSN,4
EHOW,1
FRERARD,1
AVE,2
NEI,1
PETEKEY,1
SEED,2
LDS,1
SHEETS,1
NOR,1
WANKED,1
FAP,1
REEDS,1
DIY,1
EEL,1
ILE,1
GAGA,1
ALBERTA,1
ROOSTER,2
POUTINE,1
DTS,2
LABOUR,1
EGESTED,1
ARTIST,1
ARP,1
TENTS,1
TAXIS,1
PATENTS,1
AIR,2
DIE,1
PROTECT,1
SLEEK,1
STAIRS,2
PATROL,1
INDEED,1
STICKS,1
PAP,1
LURCH,1
JUBILEE,1
LEAVEAT,1
ORDEALS,1
SER,1
CLUERS,1
AUBADE,1
DRIVERS,1
CLEAVE,1
HEALER,1
ETS,2
BET,1
ATODDS,1
CHERRY,1
EID,1
SPEARS,1
BACKUP,1
ETHANE,1
DREARY,1
DRIEST,1
SYD,1
DAN,3
CAR,2
ISABEL,1
THIEVE,1
IRONMAN,1
MORBID,1
ONEONE,2
WED,1
CITRON,1
ASHORE,1
RAINBOW,1
BEMINE,2
EVADED,1
LEN,1
IMO,4
SAMURAI,1
ATI,2
NUN,2
WONDERS,1
SWEATY,1
MTN,2
APATOW,1
STU,1
ARNETT,1
LAURYN,1
SINS,1
SAWS,1
DAM,1
SPF,1
PHENOM,1
SALDANA,1
ICEOVER,1
REGRESS,1
EXMALE,1
SPACEX,1
PHLEGM,1
FEDORAS,1
NAVELS,1
ONESET,1
MARS,2
SIRE,1
MOP,1
MARYSUE,1
GIGI,1
OWLS,1
NAY,1
MOMA,1
OMAR,2
POLYGON,1
FAM,1
SIWA,1
UGLY,1
EIS,1
POEM,1
ALLOW,1
CDI,1
CHARM,1
EPIC,1
TOLD,1
RELIC,3
WRAPT,2
ERIN,1
HEM,1
SMS,1
CAST,1
ARGUE,1
BIRDBOX,1
SIOUX,1
ONYX,1
SARI,1
MSGRS,1
STUDIOS,1
CAB,1
EBONI,1
OUYA,1
DEA,2
ADRY,2
SCOOCH,2
HUD,2
PEQUOD,1
TENS,2
YLS,1
DDCUP,2
ERODE,3
ASH,3
CRUEL,1
HUONS,1
BDS,1
QTY,1
OOP,2
PEANUT,1
CONES,1
HOUND,1
PTS,1
ATL,1
EATS,2
GOSSIP,1
GROANED,1
GIRL,1
ITSON,1
ASSANGE,1
INAIR,1
PETRA,1
DEL,1
DNA,2
OUTKAST,1
MBA,1
LEO,2
ATLIENS,1
DVDS,2
SES,1
DOUBT,1
NATAL,1
ARK,1
ROMA,1
ALEVE,1
SENDS,2
TOSS,2
IDS,1
SHIA,2
CALMEST,1
ANTIQUE,1
BISCUIT,1
HATE,1
ELS,2
SHANI,1
KILTS,1
YAMICHE,1
SCAB,2
EQUAL,1
SUITS,1
TETE,2
MRI,1
MOONS,1
ANGEL,1
COE,1
IST,1
RADIO,1
SCENE,1
MONO,1
ROGERS,2
INE,1
SLIDES,1
SINK,1
ACT,2
FELIZ,1
ERATO,1
BIRDDAY,1
MOIRA,1
NCO,1
GERI,1
ALARMS,1
SITDOWN,1
FEB,1
ZODIAC,2
ARNO,1
YAS,1
MOTIF,1
YSL,2
APT,1
ELEVEN,1
SKORT,1
COPSE,1
ATOLLS,1
NIL,2
FLAVOR,1
OPERA,3
EKE,1
REF,2
HUMID,1
INONIT,1
NIGIRI,1
SLEPT,2
RUNON,2
EMOJIS,1
FINAGLE,1
HID,1
DICIER,1
TARPS,1
TIT,2
BLUER,1
EARWORM,1
THESIMS,1
DUNES,1
CLASH,1
CURSED,1
BEAT,1
ROBINS,1
SUM,1
UPSET,1
RECOACH,1
GRAPPLE,1
EARLIER,1
SERFS,1
PEOPLES,1
TAPIRS,1
CLEFT,1
HERS,1
THC,1
SHEESH,1
TELLTO,1
NEVADA,2
DREWIN,1
TSE,1
THEEND,1
HELTER,1
CEL,1
STRAWS,1
HOODIE,1
SENORA,1
ILLBET,1
POOLTOY,1
AVIANS,1
DENIAL,1
SNL,4
RELOAD,1
INLOVE,1
GOBLINS,1
SIP,1
RETAIN,1
ATONAL,1
VCR,1
SELECT,1
PROPHET,1
RECIPES,1
SADIST,1
VERSES,1
CLOACA,1
SPUR,1
CHOPIN,1
TERESA,2
TEST,1
IDA,1
KRS,1
TROIKA,1
IMALLIN,1
LETITGO,1
RESENT,3
HRS,1
KRAMER,1
ROTATE,1
SIMLISH,1
TOIL,1
KILTER,1
ALIGNS,1
KNOT,2
SENIORS,1
AVENUEQ,1
VIM,1
TAU,2
OCANADA,1
RENEGED,1
OER,1
DEVICE,1
ONEMAN,1
SAVOR,1
OUTAGE,1
READER,1
SQUAD,1
CSU,1
SHETHEY,1
WANTONE,1
BEERKIT,1
STREETS,1
CHALET,1
SENDER,1
UTTERED,1
SWABS,1
HONKER,1
ENTITY,2
YEETS,1
TRAIT,1
WANNABE,1
MAD,1
TOSSING,1
SINGE,1
ALAS,4
DRACO,1
VANESSA,1
STAMINA,1
TWIT,1
BANGS,1
EDGE,2
SIL,1
CODE,1
CONVERT,1
SUNILEE,1
IRESIGN,2
CONE,1
SCOUR,1
CONNECT,1
ADVISOR,1
BEELINE,2
REGEX,1
SCAR,1
TUPAC,2
PARATHA,1
TUP,1
CHAPATI,1
ELITE,1
LEAS,1
STACHE,1
CUREALL,1
APA,2
RATTATA,1
CHUTES,1
PIC,1
API,1
SHED,1
LOLED,1
BATGIRL,1
ITSATIE,1
DALEK,1
SLATED,1
HOTSEAT,1
ELGALLO,1
DEITIES,1
DRINKS,1
AMID,2
DJS,1
MAITAI,1
IMHO,1
APPEAR,1
MARTINI,1
ILO,1
DOTDASH,1
MOJITO,1
ANS,1
MME,1
TEM,1
CASE,1
AMANDA,1
ROUTER,1
PENSIVE,1
LEGATO,1
SNUGLI,1
CAREEN,1
AMONGUS,2
SAUSAGE,1
ENTITLE,1
DEVOID,1
OHMS,1
WESTAN,1
METGALA,1
LLB,1
STRATUS,1
HOOVER,1
OWESTO,1
HETEROS,1
MSG,1
STALTER,1
ALLURE,1
NABS,1
MUSH,2
AVO,1
SEAN,1
TATTOO,1
GETWORD,1
UPSIZED,1
MORTALS,1
SNACKS,1
WHEE,1
STEPON,1
EATSRAW,1
ATWITCH,1
NTOZAKE,1
ORELSE,1
GUMS,1
ABED,1
MILNE,1
DROOL,1
IOC,1
DALLY,1
IDLED,1
EVOO,1
AIRS,1
BLONDIE,1
DELILLO,1
MDS,1
OLEO,1
CYD,1
ADV,1
SCAN,2
CHARD,1
VERSE,1
SAKEBAR,1
ENEMY,1
YALIE,1
SLED,1
SHEA,1
CARKEYS,1
ARSENAL,1
NDEBELE,1
CVS,1
TBTS,1
TRAMP,1
KANSAS,1
ONT,1
ALEAP,1
STDS,2
BANTHAS,1
TMS,1
SPASMED,1
TKO,1
SHEAS,1
ESP,1
1IRON,1
UNMOOR,1
PORSCHE,1
RETOOL,2
TREE,1
MINOR,1
SNOCONE,1
1UP,1
RHODE,1
AXED,1
UTERI,1
FORGOES,1
SEXTIPS,2
ENDOW,1
ATONE,1
XEROXES,1
DIOXIDE,1
UFOS,1
EXPOS,1
SXSW,2
TNN,1
SHEET,1
HAALAND,1
MARACAS,1
OCULI,1
NOPE,1
OHANA,1
DEAARON,1
DELTACO,1
STARCUP,1
SHIM,1
NEALE,1
DESI,1
FLORAL,1
REMAKE,1
GOUDAS,1
HUMANE,1
SAYS,1
SLEIGH,1
POMPOUS,1
CAKEDAY,1
FRY,1
LEMANS,1
UMA,3
BIBS,1
OUTATE,1
LISTER,1
ELOPERS,1
DVORAK,1
REDD,1
BUILDS,1
ITSOVER,1
BATPOLE,1
STEERED,1
ERRAND,1
SKA,1
SLOW,2
PHOEBES,1
TEATIME,1
PROTEM,1
DEED,1
SCHLEP,1
LEOTARD,1
ONE,2
WEBSITE,1
SPAT,1
SEEMED,1
STEM,1
LABS,1
BENICE,1
LAGGING,1
OPERATE,1
GELATIN,1
RECITE,1
SECY,1
LEAPER,1
ANGELES,1
BIGRACE,1
SCIATIC,1
BLOG,1
CRAM,1
COOKIES,1
ROSANNE,1
ELI,1
ALERTED,1
MYSTERY,1
TESS,1
COOLLY,1
ROSIEST,1
MINUTES,1
CREAM,1
SEEDY,1
RTE,1
TEAR,1
RENDERS,1
ANGELIC,1
DUALIPA,2
ARRIVER,1
REDNESS,1
EEST,1
TENURE,1
ENGARDE,1
ADELINE,1
RELIVES,1
RIPEST,1
SCARS,1
BERGS,1
ICEUP,2
BOLOTIE,1
TOPCHEF,1
GSPOT,1
YEATS,1
BIOLOGY,1
ECLIPSE,1
REO,1
GUTSHOT,1
SPINETS,1
BAT,1
ELF,3
CPA,1
ATTIC,1
SHIRE,1
YEARONE,1
EXTENTS,1
SUSSOUT,1
AMOUR,1
LEFTY,1
ASEXUAL,1
THATSME,1
TIRESOF,1
IRONOUT,1
SCALE,1
MELODY,1
ONESIE,1
ETA,2
IDIDSO,1
MEMOIR,1
RESTS,1
SMOLDER,1
CENTIME,1
LOSESIT,1
EDITORS,1
YEA,1
GALORE,1
DUKAKIS,1
USENET,1
DESTRO,1
STAYS,1
ARGUSES,1
WEAKEST,1
ATLANTA,1
ROOKERY,1
DORITOS,1
NAACP,1
GENGAR,1
RAGESON,1
MILANOS,1
NOVOTE,1
GUISE,1
NEARING,1
ANGELOU,1
CASINOS,1
PROMOTE,1
NOSE,1
ALWAYS,1
ANTENNA,1
MATADOR,1
OPERONS,1
SEXTOY,1
STORM,1
CANAPES,1
ALTTEXT,1
SWEARTO,1
TANDOOR,1
SYNONYM,1
SARS,1
AMOS,1
PASTA,1
BODIES,1
BLINDS,1
SIC,1
TUT,1
WHOAMI,1
AISLES,2
GEEKS,1
POLIWAG,1
ADICHIE,1
SIN,1
TEDTALK,1
ASSUMES,1
BBS,1
TIS,1
OSE,1
DAVID,1
DINERO,1
OVERIT,1
NAMASTE,1
CONOID,1
UNDULY,1
PEATY,1
DIVACUP,1
ANEMONE,3
VERANDA,1
IRISOUT,1
DOTTILY,1
PIPES,1
WATAMU,1
RRATING,1
TRU,1
POINTIS,1
RAWEST,1
SNARE,1
PARLORS,1
ITALIAN,1
EMITTER,1
SUNRISE,1
WRAP,1
GUST,1
NWA,1
RTSCN,1
WDGMMS,1
CCRMSCL,1
CRPRTTN,1
SPRSSBR,1
TWSTTS,1
SNGDS,1
RDCRPTS,1
TGRPRWN,1
SMMRSSG,1
CMSTSTD,1
NSCTBTS,1
WCCS,1
LNRS,1
ADOPT,1
BIRDERS,1
ARMENIA,1
DARKAGE,1
SLIMMED,1
AIRBALL,1
DRMARIO,1
TRIAGES,1
SATED,1
KMS,1
STAIR,1
STALLED,1
HERMOSA,1
EATOVER,1
PUNDITS,1
PESTS,1
STEAMUP,1
TARTINE,1
ALMONDS,1
RESENTS,1
SHEEP,1
DARTS,1
WHOSWE,1
AIRWAY,1
STOOGE,1
STORES,2
HANKIE,1
EUGENE,1
WAS,1
HITSONG,1
OROURKE,1
SWOREIN,1
WAG,1
GEODES,1
EMBERS,1
TULANE,1
FLARE,1
CRATES,1
DETEST,1
SEESTO,1
GETFREE,1
EMULATE,1
OBLATES,1
DEAREST,1
ERNESTO,1
CDS,2
CARTER,1
AVERSE,1
BODICE,1
TOK,1
ORATOR,1
PEDANT,1
STONES,1
AVOCADO,1
TRITONE,1
ESCORTS,1
REEK,1
TAN,1
ARMOUR,1
DIANNE,1
SCREWS,1
SPOTLIT,1
CATIOS,1
OCTAVE,1
WEANER,1
ADSPACE,1
RICOTTA,1
MARTIAN,1
ONELOVE,1
UNWISER,1
SCOW,1
ASHISH,1
SHERPA,1
SHINEON,1
MALAIKA,1
ONEDGE,1
ADDEND,1
ASHLAND,1
SHILLED,1
HEN,1
SPOOKED,1
HANDA,1
SAMOA,1
ADE,2
POSADA,1
EMILES,2
LEILANI,2
ALGERIA,1
MOONMEN,1
BUSTER,1
OTHERS,1
PEELOUT,1
OMIGOSH,1
SILENTE,1
ALARMER,1
DENIERS,1
ASIAN,1
LAMBO,1
CHANCE,1
SHOVELS,1
PIPESUP,1
RANLATE,1
IGOOFED,1
TOTTER,1
CHICAGO,1
HOPENOT,1
NESCAFE,1
CLUSTER,1
SPIRIT,1
LOT,1
PISSES,1
ANTIVAX,1
STEFANI,1
SANFRAN,1
ENDLING,1
PENTANE,1
INTENDS,1
SNIFFLE,1
SAVARIN,1
EMANANT,1
SEXING,1
PASSER,1
LIE,1
IRL,1
ZEST,1
PEEL,1
DUA,1
LIZ,1
ELSA,2
HEAD,1
LEA,1
ANY,2
EATA,1
PALM,1
ROO,1
LED,1
ABE,1
NEAL,1
YETI,1
EARL,1
SLOE,1
MOD,1
ZED,1
MODERNA,1
FOUL,1
ZOOM,1
ELMO,1
DEAD,1
RONA,1
NUBS,1
PCP,1
UAE,1
TRAIN,1
RIO,1
LIBBA,1
PUT,1
PEARL,1
III,1
NOBLE,1
BUS,1
AGT,1
MAR,1
PLEAT,1
MARIO,1
CALM,1
TREAT,1
OMAN,1
LEG,2
GREEN,1
SPECIES,1
DOPEY,1
TOY,1
LOGS,1
EARP,1
GREED,1
NIPAT,1
EERO,1
SYFY,1
EUROPA,1
NEARS,2
ASKOUT,1
UBE,1
FAUNA,1
OGRES,1
PROAS,1
ASURA,1
TET,1
HSE,1
SIEVERT,1
GEIGER,1
HANS,1
STEIG,1
EEVEE,1
DEGAS,1
ARENT,1
HAD,2
TRIUMPH,1
MONTERO,1
ENGINES,1
HITME,1
APRON,1
DOING,1
UTI,1
MENTO,1
PREEN,1
HOSES,1
MID,1
LEVELUP,1
AMIABLY,1
WALUIGI,1
INS,1
ORG,1
MALAWI,1
ICEMAN,1
DEVILS,1
ALBINO,2
BULGUR,1
SPYING,1
EAU,1
LIL,2
ALOE,1
NASX,1
TAJ,1
NAM,1
LAN,1
ILA,1
LOST,1
EXAMS,1
JOHN,1
FANS,1
TROT,2
SWISS,1
KNEW,1
BARS,1
SNOW,1
STICK,2
SANS,1
SKEE,1
ERAS,2
ZERO,2
ZAMBONI,1
EDAD,1
ROLL,1
RAE,1
REZZ,1
PARM,1
SOBER,1
ODOR,1
NALA,1
IDLE,1
MOOR,1
SCRUB,1
SONIC,1
LOO,1
DMS,1
LORDS,2
BANAL,1
CEO,1
DOUR,1
PAGES,1
CALIF,1
LILA,1
COX,1
REGAL,1
SILO,1
FAX,1
CPR,1
LIES,1
WHISKEY,1
CHILE,1
APSE,1
CLAW,1
PITH,1
SASHA,1
YEET,1
YTP,1
ARAB,3
MINION,1
PEPPA,1
SLEEVE,1
DREW,2
YAM,2
TRIPS,1
PANEL,1
BIPED,1
NAVEL,1
ATOM,2
NARITA,1
GRANOLA,1
THATIS,1
JACK,1
SANG,1
START,1
NORAH,1
MINAJ,1
TOTAL,2
ALICE,2
ASKS,1
ZEROSUM,1
EXTREME,1
LATERAL,1
RIME,1
FIE,1
HAZEL,1
ALEXA,2
TARTT,1
SORER,1
SERIF,1
UMAMI,1
MELEE,1
ROOMS,1
TACIT,1
AREPA,1
SOCIAL,1
MICRO,1
CLIFI,1
KUDOS,1
EARLY,1
ICK,1
MIDAIR,1
FORCE,1
ISLETS,1
YURT,2
POL,1
EDM,1
GOMAD,2
GNOME,1
STRANGE,1
PRIED,1
SRY,1
EGGS,1
MMORPG,1
AMARO,1
DENIMS,1
GEAR,1
EDDY,2
YOMAMA,1
UPDOG,1
DEGREE,1
DEANS,1
PTA,1
ALOUD,1
PIMPED,1
CADGE,1
EMORAP,1
ESA,1
USB,1
PLOPS,1
DETACH,1
OPTSOUT,1
TOTORO,1
UPDO,1
BOTTOM,1
PASTE,1
SCOOTS,1
HURON,1
TOOL,1
DUNST,1
OLDMONK,1
BAYAREA,1
ONESTAR,1
THERE,1
ADOBO,1
MULAN,1
ANDYET,1
SMASH,1
TORTES,1
KAREN,1
ANG,1
NOODLE,1
DCAREA,1
ALIAS,1
RIPPED,1
BESTIE,1
NOCARB,1
DRIPS,1
LEAPTO,1
EASEIN,1
DEE,1
CPE,1
BOREAS,1
GIMBLE,1
BRILLIG,1
ONIONY,1
TESTER,1
POIROT,1
ERMINE,1
EBLIS,1
ALLOTS,1
SEINES,1
GYRE,1
SAB,1
CRISPR,1
OCTOBER,1
REDDLE,1
SCOTS,1
ARCHER,1
BITEME,1
SOBAD,1
PBANDJ,1
REBALE,1
RESET,1
MUNCHER,1
INTHERE,1
SLURPEE,1
TEMPEST,1
AMIDST,1
LUNULE,1
ANTRUM,1
CHIRP,1
HEAPED,1
RESETS,1
COQ,1
UKE,1
HUB,1
VELVETS,1
FLAGDAY,1
WUZ,1
RPM,1
SUV,1
IKE,1
XELJANZ,1
CHEDDAR,1
OUT,1
QBS,1
VEG,1
FEW,1
LOU,1
PAY,1
PRESSON,1
TRAPS,1
NOODLES,1
AOL,1
YOM,1
CARTOON,1
EYEROLL,1
COSPLAY,1
CHOSETO,1
SON,1
SIM,1
PBA,1
EER,2
L@T,1
NFCEAST,1
COSTNER,1
ARIANNA,1
S@N,1
ESC,2
EXE,1
DET,1
PENCASE,1
BEFOR@X,1
ARCSINE,1
PLANNED,1
G@SENSE,1
ATTRACT,1
SIS,1
LIPLOCK,1
LORELEI,1
AVA,1
BEYONCE,1
BIO,1
SPRAYON,1
SOLANGE,1
LEVON,1
BAD,1
MPG,1
YAY,1
IRONORE,1
REVERTS,1
VICKI,1
AIRKISS,1
LEASETO,1
MIR,2
PREVIEW,1
GOVIRAL,1
YORKIES,1
ARTISTE,1
NECKS,1
PEP,1
RIBLESS,1
SQUELCH,1
AURALEE,1
GERMANS,1
CORSAGE,1
BRIQUET,1
DEBURRS,1
PAELLAS,1
ENSCENE,1
POSHEST,1
GLEAM,1
THOR,1
VITA,1
HBO,2
EASE,1
ARYA,1
TVA,1
HIT,1
RAMBEAU,1
OARS,1
BLUR,1
CORE,1
WALTZ,1
USER,1
PRELUDE,1
TSAR,1
RES,1
DEBT,1
ELEE,1
ROOM,1
KOBE,1
DMED,1
EULA,1
BSED,1
THEJERK,1
OOOO,1
KNOB,1
ESME,1
MACS,1
ISLE,1
NOISE,1
REAM,1
ASL,1
CLEAN,1
SEXWORK,1
ALIEN,1
SAO,1
TABS,1
ODORS,1
COVEN,1
MIDAS,1
CAVE,1
ENYA,1
TAO,1
BROOM,1
SERVICE,1
SEDAN,1
NAVY,1
SEA,2
MAMA,1
TAJIN,1
CENA,1
MOTH,1
MAJOR,1
NOTED,1
MINI,1
GOAT,1
ATVS,1
DUGIN,1
SEAFOOD,1
STENO,1
INEZ,1
ADDS,1
VEGAS,1
SWIFTIE,1
NOEND,1
DOZE,1
ANNE,1
ROAM,1
EMOPOP,1
AMORE,1
DIWALI,1
NAOMI,1
EMPOWER,1
PELTS,1
IAT,1
ETSY,1
AUTO,1
SLOUCH,1
ASCEND,1
HAND,1
TULSA,1
STOPS,1
YOU,1
CLEAR,2
HENNA,1
CHE,1
CLUB,1
RENE,1
OXCART,1
CULVERS,1
SEEMOK,1
RITE,1
CROC,1
LEXUS,1
UNCLE,1
BEAVERS,1
REMIX,1
TROTS,1
SKEW,1
ENES,1
ABSOLVE,1
YOS,1
7XWORDS,1
BIKE,1
YEAR7,1
UNBOX,1
RESEW,1
LYRIC,1
VODKA,1
ESSEN,1
OBS,1
FAME,1
ATON,1
YAHTZEE,1
GREETED,1
OILRING,1
ILIA,1
NEER,1
FAYGO,1
ATARI,1
MOHEL,1
ENTERIN,1
ZTILE,1
EDGAR,1
WANG,1
AGILE,1
PETAL,1
WIG,1
IVIES,1
TENET,1
WAP,1
NITWIT,1
GLAIVES,1
ELGINS,1
STI,1
JAZZ,1
AROAR,1
BADGE,1
BIRDS,1
AESOP,1
CUEUP,1
SALE,1
ZAGREUS,1
REDSEA,2
SOUL,1
PPE,2
SWAM,1
INDIA,1
TBIRD,1
DAD,1
SEMIS,1
ISEE,1
SITH,1
WNBA,1
ADIDAS,1
ADDAMS,1
AMIE,1
DOSE,1
LEI,1
HAKA,1
TRINI,1
MITTS,1
LAKEITH,1
ASTRO,1
TUMOR,1
PETA,1
HTML,1
ARIA,2
KITKAT,1
ANTESUP,1
ISITME,1
HORA,1
FAIR,1
ARMOR,1
TOPDOG,1
MARGE,1
AGREE,1
OSSA,1
FAT,1
AROMA,2
IMPALA,1
GENES,1
MOBS,1
IMANI,1
DAKOTA,1
CHI,1
ANGLED,1
MIDC,1
OMAHA,1
BAKING,1
ITALIA,1
ADDR,1
BORES,1
BMOVIE,1
REVERSE,2
SERTIM,1
SSERC,1
ETAC,1
ABBR,1
DOMES,1
DROVES,1
SIRTET,1
ESIRA,1
EMCC,1
ILES,1
SEGUE,2
LIBELED,1
VMA,1
MARRIED,1
TIRED,1
MARY,1
ISLAM,1
LEILA,1
EGBERT,1
SUE,1
ELVIRA,1
EMEER,1
DADDY,1
SELF,1
TROUT,1
ANIMALS,2
PITBULL,1
HEELTOE,1
REESE,1
SNAP,1
STAPH,1
ERNIE,1
LOITER,1
FUMBLES,1
TAUTEN,1
LLOSA,1
SLEEP,1
SUPPLE,1
STOLES,1
ILOST,1
SLOSHY,1
TOSSED,1
HORS,1
LUTIST,1
SPLOOSH,1
LESSSO,1
ESTHER,1
ACHE,1
BLIP,1
BAJAN,1
OXI,1
BAKED,1
MIRE,1
ABBA,1
CLAP,1
HIJAB,1
EPA,1
NOKIA,1
XERS,1
IDES,1
SSAT,1
ANNALS,1
DOTDOT,1
ANKARA,1
PIGLET,1
BESS,1
SADE,1
SNOCAP,1
ANTONI,1
LOCALE,1
OATS,1
1812,1
125243,1
328509,1
8675309,1
418402,1
998001,1
7305,1
1138,1
822649,1
158719,1
2255887,1
403403,1
390000,1
9215,1
TEES,1
ONMEDS,1
TVEXECS,1
SLAVIC,1
PUCK,1
ENVIES,1
EMERIL,1
DEJAVU,1
SCENIC,1
USED,1
METERS,1
BARSEAT,1
EMAILME,1
REDROSE,1
NEESON,1
DENS,1
UMBER,1
SEAMEN,1
ETRADE,1
DESIRED,1
RELOSE,1
SAMSON,1
TEENS,1
PITA,1
ONESELF,1
PURSUER,1
CGI,1
RESOLED,1
TSARINA,1
POPART,1
INURES,1
EUCLID,1
LEGEND,1
FRIDAY,1
OAST,1
BREASTS,1
ARETHEY,1
MANTIDS,1
ANTONIO,1
STOODUP,1
SYMS,1
ARRANT,1
SEENTO,1
TATTOOS,1
SHINDY,1
TEDIUM,1
SYSOPS,1
RACER,1
OLIVE,1
CANID,1
MOLES,1
ANAME,1
ROC,1
CINEMAS,1
EVILONE,1
REDFLAG,1
CAGED,1
ACELA,1
MEMES,1
SIGHS,1
NAIVE,1
INKED,1
STINT,1
ACES,1
GEMINIS,1
ELEGANT,1
DASHIKI,1
SVEN,1
EDT,1
OASIS,1
BRAVE,1
VINYL,1
FAN,1
ROWAN,1
SENSE,1
OBVS,1
SANDERS,1
IVY,1
SELFOWN,1
ADAS,1
NENE,1
STUMP,1
WATER,1
POPEYES,1
INERT,1
ATRIA,1
NOSEY,1
SWAP,1
TARO,1
UTOPIAN,1
MEMENTO,1
PRAYERS,1
ERIE,1
STAY,1
GOBAD,1
PLATE,1
ASSIST,1
OSSIE,1
NISSAN,1
TUTTI,1
TESSA,1
GPA,2
OLSON,1
BASSITT,1
ATISSUE,1
DESISTS,1
TEATS,1
NIA,1
ACHED,1
MIRROR,1
BIGTOE,1
SPOUT,1
MAPLE,1
ACME,1
CLIMB,1
HEROISM,1
DROPTOP,1
RAOUL,1
SCATS,1
LOIRE,1
ALMOND,1
BOLUSES,1
NEBULA,1
SLAVS,1
SELES,1
SLAB,1
COLON,1
AIMLESS,1
TROUBLE,1
SENSUAL,1
DELVE,1
SASS,1
CASTA,1
OPTIN,1
EEN,1
MAE,1
BONET,1
CODED,1
APNEA,1
STANDBY,1
SAKES,1
TEETH,1
JOE,1
LABEL,1
OROGENY,1
TILAPIA,1
SMITTEN,1
STOCK,1
HANES,1
SLOTS,1
TARIM,1
ABOLISH,1
SLEPTON,1
NIECE,1
YANKS,1
APPLE,1
RERIGS,1
ICEAGE,1
AGITA,1
NASALS,1
SMOREO,1
ENTRY,1
ARI,1
PREGAME,1
LIAISON,1
EGGTART,1
SEALER,1
BOSOM,1
INALAB,1
REFINE,1
DOR,1
NINETY,1
ECOLES,1
AWARE,1
BIRD,1
SAFRICA,1
OLI,1
MANDELA,1
BEATER,1
NYSE,1
NOW,1
CLUBS,1
HIPHOP,1
ITSANO,1
PETNAME,1
RAGTAG,1
STRADA,1
EASED,1
CHIP,1
LITERS,1
UPSTATE,1
BHANGRA,1
SONATAS,1
POMADE,1
OUTER,1
BRAVES,1
ABRAHAM,1
EDE,1
ASTROS,1
HASTY,1
OBAMA,1
URBANA,1
TARNISH,1
REHEARS,1
SADLOT,1
MESSY,1
HOODS,1
ANNUAL,1
DRESSES,1
TILTHAT,1
OCARINA,1
ENAMEL,1
EGIRL,1
HADTO,1
ONRICE,1
ONELANE,1
DUSTRAG,1
LEANER,1
STALL,1
SATON,1
ARAPAHO,1
TRYSTER,1
ARG,1
AVONLEA,1
VERSION,1
SCANS,1
SATNAV,1
ARRIVE,1
TAYLORS,1
NATALIA,1
HEREON,1
ORGANS,1
NSC,1
SCREW,1
LEANEST,1
MILEONE,1
OCTANTS,1
NAILERS,1
ESSAY,1
SLAMON,1
CELICA,1
RAILTIE,1
ENSEALS,1
WETONES,1
SENTRA,1
TRESSY,1
ANTICI,1
MERLOT,1
STALLS,1
TACOMA,1
SLIDON,1
PATION,1
AMS,1
TRALALA,1
ILLICIT,1
COLLODI,1
ITS,1
ANN,1
OSMENT,1
MEANTO,1
WARMUP,1
DRESSY,1
OMW,1
SEAWARD,1
MARRIER,1
ENMASSE,1
NTUPLES,1
TOPTENS,1
SENSE8,1
PREHAB,1
ANOHNI,1
YUP,1
ESTRAY,1
SPAY,1
ERNURSE,1
NEOPETS,1
SHH,1
EANASIR,1
8BITERA,1
EASY,1
DAT,1
STABLE,1
WOREON,1
ASTART,1
THECARS,1
IMONIT,1
BINGED,1
ASSESS,2
SWAT,1
TOSHIBA,1
ARTEMIS,1
BEACONS,1
LORANGE,1
ENTRIES,1
NEARER,1
DARKWEB,1
EVE,1
GOA,1
BARRIE,1
ANDES,1
LEAVEBE,1
BAREXAM,1
IRK,1
NEWGIRL,1
OREOPIE,1
EUEIIO,1
AEIIEO,1
OUIIOUI,1
EUOIAEE,1
IAUUAAE,1
OIIOUA,1
UIEAIO,1
EAOEI,1
UEUUAOU,1
EIIOUII,1
IIIIUIE,1
IEOAAOA,1
OOUEAUI,1
IEEAO,1
EGGNOG,1
MEASURE,1
UNMATED,1
WEB,1
AMIRITE,1
RANOVER,1
POWERS,1
EMUWAR,1
GENEMAP,1
GAMBINO,1
NSA,1
OUTLIVE,1
GREETER,1
EDGERS,1
ROW,1
CARROL,1
AMEENAH,1
MELLAMO,1
EREADER,1
TINCANS,1
OCTETTE,1
CAMETO,1
AMERICA,1
RELENTS,1
RELACES,1
ONADATE,1
LAMENTS,1
HORSES,1
PLACARD,1
PITHIER,1
ENLARGE,1
IMSAVED,1
GATHERS,1
LIN,1
ATLEAST,1
CHALLAH,1
AIRFIVE,1
DRE,1
DIG,1
BASSALE,1
ONCELER,1
PERALTA,1
MATES,1
BOTTLED,1
UNCLEAR,1
BEHESTS,1
BOP,1
SCRATCH,1
SEATTLE,1
ALLELES,1
LETSEAT,1
BUB,1
DRS,1
NOSUGAR,1
BROMATE,1
ADRATES,1
GET,1
ARIGATO,1
MINECON,1
ENGLAND,1
NBAGAME,1
ORDERIN,1
SORTING,1
GATTACA,1
ATEATON,1
RESPOND,1
GEL,1
BBBBBBB,1
UUUUUUU,1
FFFFFFF,2
AAAAAAA,1
LLLLLLL,1
OOOOOOO,1